Name,DraftKingsSalary,DPointsAllowed,Home,PointSpread,OverUnder,total,Team,Rank,RushesGame,RushYardGame,YardAttempt,RushTdGame,TargetsGame,RecGame,RecYardsGame,RecTdGame,PointsGame,RZattemptsGame,RZyardsGame,RZYardAtt,RZTDGame,RZTarGame,RZRecGame,RZRecYarGame,RZRecTDGame,RZPointsGame,Projections,Score
David Johnson,6700.0,28.93,True,-1.0,43.0,22.0,ARI,11.0,15.142857142857142,47.857142857142854,3.2,0.7142857142857143,4.285714285714286,2.857142857142857,23.714285714285715,0.14285714285714285,14.9,2.2857142857142856,5.142857142857143,2.2,0.7142857142857143,0.7142857142857143,0.2857142857142857,0.5714285714285714,0.0,5.1,13.434654908245813,14.0
Chase Edmonds,4200.0,28.93,True,-1.0,43.0,22.0,ARI,68.0,2.857142857142857,7.428571428571429,2.6,0.0,1.8571428571428572,1.7142857142857142,7.285714285714286,0.0,3.2,0.0,0.0,0.0,0.0,0.0,0.0,0.0,0.0,0.0,6.130402467754472,3.1
Derrick Coleman,3000.0,28.93,True,-1.0,43.0,22.0,ARI,105.0,0.2857142857142857,0.42857142857142855,1.5,0.0,0.2857142857142857,0.2857142857142857,2.4285714285714284,0.0,0.6,0.0,0.0,0.0,0.0,0.0,0.0,0.0,0.0,0.0,4.331580178361972,0.0
TJ Logan,3000.0,28.93,True,-1.0,43.0,22.0,ARI,132.0,0.0,0.0,0.0,0.0,0.0,0.0,0.0,0.0,0.0,0.0,0.0,0.0,0.0,0.0,0.0,0.0,0.0,0.0,3.4208938389452213,0.0
Alex Collins,4600.0,19.58,False,-2.0,44.0,23.0,BAL,25.0,12.428571428571429,44.142857142857146,3.6,0.5714285714285714,2.5714285714285716,1.7142857142857142,12.428571428571429,0.14285714285714285,11.4,1.7142857142857142,5.428571428571429,3.2,0.5714285714285714,0.5714285714285714,0.2857142857142857,1.5714285714285714,0.14285714285714285,5.1,12.566491559995425,13.3
Javorius Allen,4000.0,19.58,False,-2.0,44.0,23.0,BAL,28.0,5.428571428571429,14.285714285714286,2.6,0.42857142857142855,4.714285714285714,3.857142857142857,24.285714285714285,0.14285714285714285,11.0,1.5714285714285714,1.7142857142857142,1.1,0.42857142857142855,0.5714285714285714,0.5714285714285714,4.0,0.14285714285714285,4.6,10.171930497438996,10.8
Gus Edwards,3000.0,19.58,False,-2.0,44.0,23.0,BAL,102.0,6.0,21.0,3.5,0.0,0.0,0.0,0.0,0.0,2.1,0.0,0.0,0.0,0.0,0.0,0.0,0.0,0.0,0.0,5.089646017693743,2.9
Christian McCaffrey,7000.0,14.57,True,2.0,44.0,21.0,CAR,10.0,13.0,63.0,4.8,0.0,7.666666666666667,6.666666666666667,48.166666666666664,0.16666666666666666,19.6,1.3333333333333333,2.6666666666666665,2.0,0.0,0.6666666666666666,0.5,4.0,0.16666666666666666,2.0,15.185937878321754,21.6
CJ Anderson,3300.0,14.57,True,2.0,44.0,21.0,CAR,73.0,2.6666666666666665,14.0,5.2,0.0,0.5,0.16666666666666666,4.0,0.16666666666666666,3.0,0.5,1.8333333333333333,3.7,0.0,0.0,0.0,0.0,0.0,0.2,6.503391445694127,2.0
Alex Armah,3000.0,14.57,True,2.0,44.0,21.0,CAR,87.0,0.6666666666666666,1.6666666666666667,2.5,0.16666666666666666,0.0,0.0,0.0,0.0,1.2,0.16666666666666666,0.16666666666666666,1.0,0.16666666666666666,0.0,0.0,0.0,0.0,1.0,0.6339026970103401,0.0
Tarik Cohen,5800.0,24.5,True,-7.5,44.5,26.0,CHI,12.0,6.333333333333333,30.666666666666668,4.8,0.16666666666666666,6.333333333333333,4.833333333333333,54.666666666666664,0.3333333333333333,16.7,0.8333333333333334,5.0,6.0,0.0,1.1666666666666667,0.8333333333333334,5.833333333333333,0.3333333333333333,3.9,22.752563744783355,18.0
Jordan Howard,4800.0,24.5,True,-7.5,44.5,26.0,CHI,32.0,15.0,51.833333333333336,3.5,0.3333333333333333,2.3333333333333335,1.8333333333333333,14.5,0.0,10.3,2.1666666666666665,5.333333333333333,2.5,0.3333333333333333,0.5,0.3333333333333333,0.8333333333333334,0.0,2.8,12.811748047940831,14.1
Benjamin Cunningham,3200.0,24.5,True,-7.5,44.5,26.0,CHI,110.0,0.6666666666666666,1.3333333333333333,2.0,0.0,0.3333333333333333,0.16666666666666666,1.5,0.0,0.4,0.0,0.0,0.0,0.0,0.0,0.0,0.0,0.0,0.0,4.668397536779085,0.0
Joe Mixon,7300.0,28.58,True,-4.0,54.5,29.25,CIN,21.0,16.8,77.2,4.6,0.4,4.8,3.2,20.0,0.2,16.5,2.6,4.8,1.8,0.4,0.6,0.4,4.2,0.2,4.9,19.17131626618488,31.8
Mark Walton,3500.0,28.58,True,-4.0,54.5,29.25,CIN,84.0,2.2,3.4,1.5,0.0,1.4,0.8,6.2,0.0,1.8,0.2,0.8,4.0,0.0,0.0,0.0,0.0,0.0,0.1,8.963813370147088,2.7
Nick Chubb,4700.0,17.07,False,8.0,51.0,21.5,CLE,49.0,4.857142857142857,36.142857142857146,7.4,0.42857142857142855,0.42857142857142855,0.0,0.0,0.0,6.6,0.5714285714285714,1.7142857142857142,3.0,0.14285714285714285,0.0,0.0,0.0,0.0,1.0,7.079235785909708,9.5
Duke Johnson,3900.0,17.07,False,8.0,51.0,21.5,CLE,42.0,2.857142857142857,15.285714285714286,5.4,0.0,3.7142857142857144,2.5714285714285716,26.714285714285715,0.0,7.3,0.14285714285714285,0.0,0.0,0.0,0.2857142857142857,0.14285714285714285,0.42857142857142855,0.0,0.8,5.9797275781770365,3.6
Dontrell Hilliard,3000.0,17.07,False,8.0,51.0,21.5,CLE,132.0,0.0,0.0,0.0,0.0,0.0,0.0,0.0,0.0,0.0,0.0,0.0,0.0,0.0,0.0,0.0,0.0,0.0,0.0,0.13941144449578324,3.4
Phillip Lindsay,5200.0,33.57,False,10.0,53.5,21.75,DEN,14.0,10.714285714285714,62.285714285714285,5.8,0.2857142857142857,2.857142857142857,2.142857142857143,17.0,0.14285714285714285,13.1,1.8571428571428572,5.571428571428571,3.0,0.14285714285714285,0.2857142857142857,0.14285714285714285,0.42857142857142855,0.0,1.6,16.330526259173055,20.2
Devontae Booker,3700.0,33.57,False,10.0,53.5,21.75,DEN,59.0,1.8571428571428572,7.285714285714286,3.9,0.0,3.0,2.2857142857142856,18.0,0.0,4.8,0.0,0.0,0.0,0.0,0.2857142857142857,0.14285714285714285,1.2857142857142858,0.0,0.3,8.52341399388252,14.1
Andy Janovich,3000.0,33.57,False,10.0,53.5,21.75,DEN,88.0,0.14285714285714285,0.2857142857142857,2.0,0.0,0.2857142857142857,0.2857142857142857,6.142857142857143,0.0,0.9,0.0,0.0,0.0,0.0,0.0,0.0,0.0,0.0,0.0,5.599209651574309,0.0
Kerryon Johnson,5300.0,22.97,True,-3.0,49.5,26.25,DET,24.0,11.5,74.0,6.4,0.16666666666666666,3.0,2.5,14.833333333333334,0.0,13.4,1.5,4.333333333333333,2.9,0.16666666666666666,0.5,0.3333333333333333,1.0,0.0,1.9,14.330363223154745,15.1
LeGarrette Blount,3500.0,22.97,True,-3.0,49.5,26.25,DET,56.0,9.5,27.833333333333332,2.9,0.5,0.5,0.5,2.3333333333333335,0.0,6.5,1.6666666666666667,2.3333333333333335,1.4,0.3333333333333333,0.0,0.0,0.0,0.0,2.2,7.145457369442568,3.6
Ameer Abdullah,3000.0,22.97,True,-3.0,49.5,26.25,DET,112.0,0.5,0.5,1.0,0.0,0.5,0.5,6.0,0.0,1.2,0.0,0.0,0.0,0.0,0.0,0.0,0.0,0.0,0.0,3.656521939733871,0.6
Aaron Jones,4100.0,22.03,False,9.5,56.5,23.5,GB,60.0,8.0,47.0,5.9,0.25,1.5,1.0,10.25,0.0,8.2,1.25,5.25,4.2,0.25,0.0,0.0,0.0,0.0,2.0,10.841861435229614,16.6
Ty Montgomery,3600.0,22.03,False,9.5,56.5,23.5,GB,48.0,4.0,16.5,4.1,0.16666666666666666,3.5,2.3333333333333335,28.0,0.0,7.8,0.5,1.1666666666666667,2.3,0.16666666666666666,0.16666666666666666,0.0,0.0,0.0,1.1,8.056770973153695,0.8
Jamaal Williams,3600.0,22.03,False,9.5,56.5,23.5,GB,57.0,9.833333333333334,37.333333333333336,3.8,0.0,2.6666666666666665,1.3333333333333333,9.5,0.0,6.4,0.8333333333333334,1.0,1.2,0.0,0.3333333333333333,0.16666666666666666,1.1666666666666667,0.0,0.7,8.35800123726443,6.9
Marlon Mack,5400.0,28.27,False,-3.0,50.0,26.5,IND,44.0,13.666666666666666,83.0,6.1,0.3333333333333333,2.3333333333333335,1.3333333333333333,13.0,0.3333333333333333,16.6,3.6666666666666665,14.666666666666666,4.0,0.3333333333333333,0.3333333333333333,0.3333333333333333,1.3333333333333333,0.0,4.6,21.84242474833991,31.9
Nyheim Hines,3800.0,28.27,False,-3.0,50.0,26.5,IND,20.0,5.857142857142857,22.857142857142858,3.9,0.14285714285714285,5.714285714285714,4.571428571428571,25.714285714285715,0.2857142857142857,12.0,0.8571428571428571,2.2857142857142856,2.7,0.14285714285714285,0.5714285714285714,0.42857142857142855,3.5714285714285716,0.2857142857142857,3.6,18.00109638662702,10.5
Jordan Wilkins,3400.0,28.27,False,-3.0,50.0,26.5,IND,58.0,7.142857142857143,31.571428571428573,4.4,0.0,1.5714285714285714,1.4285714285714286,6.0,0.0,5.0,0.42857142857142855,1.0,2.3,0.0,0.5714285714285714,0.5714285714285714,2.4285714285714284,0.0,0.9,12.188041761844449,1.4
Kareem Hunt,7100.0,29.24,True,-10.0,53.5,31.75,KC,5.0,16.857142857142858,77.42857142857143,4.6,0.7142857142857143,3.0,2.142857142857143,32.285714285714285,0.5714285714285714,21.7,2.5714285714285716,6.571428571428571,2.6,0.7142857142857143,1.0,0.5714285714285714,4.857142857142857,0.42857142857142855,8.6,25.390289209052348,19.6
Spencer Ware,4000.0,29.24,True,-10.0,53.5,31.75,KC,61.0,2.5714285714285716,15.142857142857142,5.9,0.0,1.5714285714285714,1.2857142857142858,12.714285714285714,0.0,4.1,1.0,2.0,2.0,0.0,0.2857142857142857,0.14285714285714285,0.5714285714285714,0.0,0.4,12.459077142817536,0.0
Anthony Sherman,3000.0,29.24,True,-10.0,53.5,31.75,KC,74.0,0.0,0.0,0.0,0.0,0.5714285714285714,0.5714285714285714,9.285714285714286,0.14285714285714285,2.4,0.0,0.0,0.0,0.0,0.2857142857142857,0.2857142857142857,2.0,0.0,0.5,8.107276560860823,2.0
Todd Gurley,9800.0,21.97,True,-9.5,56.5,33.0,LAR,1.0,20.571428571428573,98.0,4.8,1.5714285714285714,5.0,3.5714285714285716,38.57142857142857,0.42857142857142855,30.9,6.142857142857143,17.714285714285715,2.9,1.5714285714285714,1.8571428571428572,1.0,9.285714285714286,0.42857142857142855,16.3,26.406449628037013,36.5
Malcolm Brown,4200.0,21.97,True,-9.5,56.5,33.0,LAR,65.0,5.142857142857143,26.0,5.1,0.0,0.7142857142857143,0.42857142857142855,3.4285714285714284,0.0,3.7,1.0,2.142857142857143,2.1,0.0,0.0,0.0,0.0,0.0,0.5,10.1541037534749,0.7
Saquon Barkley,8800.0,19.95,True,1.0,43.0,21.0,NYG,2.0,14.0,68.71428571428571,4.9,0.7142857142857143,8.714285714285714,7.0,60.57142857142857,0.2857142857142857,27.1,2.142857142857143,4.142857142857143,1.9,0.42857142857142855,1.0,0.7142857142857143,5.0,0.14285714285714285,5.3,18.20674166543609,20.1
Wayne Gallman,3500.0,19.95,True,1.0,43.0,21.0,NYG,72.0,2.0,7.0,3.5,0.0,1.7142857142857142,1.1428571428571428,8.857142857142858,0.0,2.6,0.2857142857142857,0.7142857142857143,2.5,0.0,0.2857142857142857,0.0,0.0,0.0,0.1,5.385920813248509,-0.1
Elijhaa Penny,3000.0,19.95,True,1.0,43.0,21.0,NYG,127.0,0.3333333333333333,0.6666666666666666,2.0,0.0,0.0,0.0,0.0,0.0,0.1,0.0,0.0,0.0,0.0,0.0,0.0,0.0,0.0,0.0,1.620339006122034,0.0
Isaiah Crowell,3700.0,18.65,False,7.5,44.5,18.5,NYJ,13.0,11.571428571428571,65.57142857142857,5.7,0.7142857142857143,1.8571428571428572,1.2857142857142858,9.857142857142858,0.0,14.0,2.0,5.142857142857143,2.6,0.42857142857142855,0.0,0.0,0.0,0.0,3.1,9.22272648062677,4.8
Trenton Cannon,3400.0,18.65,False,7.5,44.5,18.5,NYJ,78.0,1.1428571428571428,2.7142857142857144,2.4,0.0,0.8571428571428571,0.7142857142857143,10.714285714285714,0.0,2.1,0.0,0.0,0.0,0.0,0.0,0.0,0.0,0.0,0.0,2.172089442954128,5.2
Jalen Richard,4200.0,25.47,True,3.0,50.0,23.5,OAK,35.0,1.8333333333333333,5.333333333333333,2.9,0.0,6.166666666666667,5.166666666666667,42.166666666666664,0.0,9.9,0.16666666666666666,0.6666666666666666,4.0,0.0,0.5,0.3333333333333333,3.1666666666666665,0.0,0.7,10.935198106175562,14.4
Doug Martin,4400.0,25.47,True,3.0,50.0,23.5,OAK,78.0,4.5,16.5,3.7,0.0,0.8333333333333334,0.6666666666666666,0.8333333333333334,0.0,2.4,0.5,1.8333333333333333,3.7,0.0,0.0,0.0,0.0,0.0,0.2,8.003622437413096,9.9
Keith Smith,3000.0,25.47,True,3.0,50.0,23.5,OAK,100.0,0.16666666666666666,0.0,0.0,0.0,0.6666666666666666,0.5,2.3333333333333335,0.0,0.7,0.16666666666666666,0.0,0.0,0.0,0.16666666666666666,0.16666666666666666,0.3333333333333333,0.0,0.2,2.922616467284299,1.8
James Conner,7500.0,28.66,True,-8.0,51.0,29.5,PIT,6.0,17.166666666666668,75.5,4.4,1.1666666666666667,5.833333333333333,4.333333333333333,42.833333333333336,0.0,25.2,2.6666666666666665,5.666666666666667,2.1,0.8333333333333334,0.5,0.3333333333333333,1.3333333333333333,0.0,6.7,16.991298890266936,41.2
Stevan Ridley,4000.0,28.66,True,-8.0,51.0,29.5,PIT,99.0,2.0,6.0,3.0,0.0,0.2,0.2,1.0,0.0,0.9,0.2,0.4,2.0,0.0,0.0,0.0,0.0,0.0,0.0,8.39024673734195,2.3
Roosevelt Nix,3000.0,28.66,True,-8.0,51.0,29.5,PIT,109.0,0.0,0.0,0.0,0.0,0.3333333333333333,0.16666666666666666,3.1666666666666665,0.0,0.5,0.0,0.0,0.0,0.0,0.0,0.0,0.0,0.0,0.0,5.437681224663024,0.0
Jaylen Samuels,3000.0,28.66,True,-8.0,51.0,29.5,PIT,132.0,0.0,0.0,0.0,0.0,0.0,0.0,0.0,0.0,0.0,0.0,0.0,0.0,0.0,0.0,0.0,0.0,0.0,0.0,5.216292391142858,1.7
Chris Carson,4300.0,31.28,False,3.0,49.5,23.25,SEA,37.0,15.6,70.4,4.5,0.2,1.8,1.2,12.2,0.0,11.7,1.6,3.2,2.0,0.2,0.2,0.2,2.2,0.0,1.9,14.228640537527411,23.4
Mike Davis,3600.0,31.28,False,3.0,49.5,23.25,SEA,39.0,8.4,38.6,4.6,0.6,2.2,1.8,8.2,0.0,10.7,1.4,8.0,5.7,0.6,0.0,0.0,0.0,0.0,4.4,13.840038995727761,4.5
Rashaad Penny,3900.0,31.28,False,3.0,49.5,23.25,SEA,64.0,6.333333333333333,22.5,3.6,0.0,1.5,1.0,10.333333333333334,0.0,4.3,0.16666666666666666,-0.3333333333333333,-2.0,0.0,0.0,0.0,0.0,0.0,0.0,7.541420393383362,0.0
Tre Madden,3000.0,31.28,False,3.0,49.5,23.25,SEA,113.0,0.16666666666666666,0.3333333333333333,2.0,0.0,0.3333333333333333,0.16666666666666666,1.1666666666666667,0.0,0.3,0.0,0.0,0.0,0.0,0.0,0.0,0.0,0.0,0.0,5.710463213006096,0.1
CJ Prosise,3000.0,31.28,False,3.0,49.5,23.25,SEA,91.0,0.0,0.0,0.0,0.0,1.0,1.0,7.333333333333333,0.0,1.7,0.0,0.0,0.0,0.0,0.0,0.0,0.0,0.0,0.0,5.35758756894165,0.0
Matt Breida,5000.0,35.37,False,1.0,43.0,21.0,SF,19.0,9.714285714285714,63.57142857142857,6.5,0.2857142857142857,1.8571428571428572,1.5714285714285714,12.857142857142858,0.14285714285714285,12.1,1.7142857142857142,6.285714285714286,3.7,0.14285714285714285,0.42857142857142855,0.42857142857142855,3.7142857142857144,0.14285714285714285,3.1,19.229980684293515,4.2
Raheem Mostert,3800.0,35.37,False,1.0,43.0,21.0,SF,67.0,3.5714285714285716,22.428571428571427,6.3,0.0,0.8571428571428571,0.8571428571428571,3.5714285714285716,0.0,3.3,0.14285714285714285,0.0,0.0,0.0,0.0,0.0,0.0,0.0,0.0,10.123314592047366,1.8
Kyle Juszczyk,3400.0,35.37,False,1.0,43.0,21.0,SF,45.0,0.2857142857142857,1.0,3.5,0.0,3.7142857142857144,2.7142857142857144,35.0,0.14285714285714285,7.0,0.14285714285714285,-0.7142857142857143,-5.0,0.0,0.5714285714285714,0.2857142857142857,1.8571428571428572,0.0,0.4,8.538226853834805,1.0
Alfred Morris,3500.0,35.37,False,1.0,43.0,21.0,SF,53.0,10.142857142857142,36.142857142857146,3.6,0.14285714285714285,1.5714285714285714,0.8571428571428571,9.428571428571429,0.0,6.1,1.8571428571428572,2.142857142857143,1.2,0.14285714285714285,0.0,0.0,0.0,0.0,0.9,11.751269281324735,2.8
Peyton Barber,3600.0,31.57,False,4.0,54.5,25.25,TB,54.0,12.333333333333334,43.333333333333336,3.5,0.0,2.0,1.0,6.166666666666667,0.16666666666666666,7.0,1.6666666666666667,0.8333333333333334,0.5,0.0,0.5,0.16666666666666666,0.8333333333333334,0.16666666666666666,1.3,14.121276389803148,14.5
Ronald Jones II,3700.0,31.57,False,4.0,54.5,25.25,TB,71.0,5.666666666666667,15.0,2.6,0.3333333333333333,2.0,1.6666666666666667,10.0,0.0,6.2,1.6666666666666667,4.333333333333333,2.6,0.3333333333333333,0.6666666666666666,0.3333333333333333,1.6666666666666667,0.0,2.9,10.933599568860394,1.1
Jacquizz Rodgers,3000.0,31.57,False,4.0,54.5,25.25,TB,77.0,2.0,3.5,1.8,0.0,1.3333333333333333,1.1666666666666667,9.0,0.0,2.4,0.16666666666666666,1.1666666666666667,7.0,0.0,0.3333333333333333,0.3333333333333333,2.1666666666666665,0.0,0.7,11.779115234260203,6.9
Alan Cross,2500.0,31.57,False,4.0,54.5,25.25,TB,115.0,0.0,0.0,0.0,0.0,0.5,0.16666666666666666,1.0,0.0,0.3,0.0,0.0,0.0,0.0,0.16666666666666666,0.0,0.0,0.0,0.0,5.20152258958734,0.0
Adrian Peterson,4900.0,25.43,False,-1.0,43.0,22.0,WAS,17.0,16.833333333333332,73.0,4.3,0.5,2.0,1.3333333333333333,24.0,0.0,14.4,3.1666666666666665,5.5,1.7,0.5,0.16666666666666666,0.16666666666666666,1.3333333333333333,0.0,3.8,13.377352147990333,30.6
Chris Thompson,5500.0,25.43,False,-1.0,43.0,22.0,WAS,31.0,5.75,25.0,4.3,0.0,7.75,6.5,50.0,0.25,15.5,0.75,0.25,0.3,0.0,1.0,0.75,6.0,0.25,2.9,16.929637149946288,4.2
Kapri Bibbs,3600.0,25.43,False,-1.0,43.0,22.0,WAS,66.0,2.5,9.0,3.6,0.25,1.75,1.25,12.25,0.25,6.4,0.75,0.75,1.0,0.25,0.0,0.0,0.0,0.0,1.6,8.907731261211476,0.0
